Timestamp,Content,photo,Link,Type
2026-01-19 03:13:34,888,N/A,,Comment
2025-12-13 16:58:27,Don’t leave,N/A,,Comment
2025-12-13 16:58:23,Dis fyeeee,N/A,,Comment
2025-12-11 14:06:09,I’m diseased,N/A,,Comment
2025-11-24 04:49:06,This one always gets me,N/A,,Comment
2025-11-21 07:08:59,The search is for smiling friends😁,N/A,,Comment
2025-11-21 07:04:35,AYYYY,N/A,,Comment
2025-11-08 19:22:55,Never .,N/A,,Comment
2025-11-01 15:50:36,🐻🐻🐻🏴‍☠️🏴‍☠️🏴‍☠️🏴‍☠,N/A,,Comment
2025-11-01 15:50:13,🤘🤘🤘,N/A,,Comment
2025-11-01 15:50:01,MAGGIEEEEEEE,N/A,,Comment
2025-11-01 03:12:25,SEGGSY,N/A,,Comment
2025-11-01 03:12:03,Baddest,N/A,,Comment
2025-10-30 01:17:24,Need to blink more ig,N/A,,Comment
2025-10-30 01:17:17,German my inspiration,N/A,,Comment
2025-10-28 01:38:41,OH AVA KNOWS BALL,N/A,,Comment
2025-10-03 20:21:33,GAINSSS,N/A,,Comment
2025-08-31 04:37:43,😁😁😁,N/A,,Comment
2025-08-31 04:37:38,😛😛😛,N/A,,Comment
2026-01-27 14:10:21,,,https://www.tiktokv.com/share/video/7599687315333582111/,Like
2026-01-27 12:48:38,,,https://www.tiktokv.com/share/video/7599196217804868878/,Like
2026-01-25 18:03:24,,,https://www.tiktokv.com/share/video/7598308437960690975/,Like
2026-01-25 18:02:47,,,https://www.tiktokv.com/share/video/7599059601203547423/,Like
2026-01-25 02:39:59,,,https://www.tiktokv.com/share/video/7598701152502336798/,Like
2026-01-25 02:32:36,,,https://www.tiktokv.com/share/video/7599000553066155295/,Like
2026-01-25 00:51:52,,,https://www.tiktokv.com/share/video/7598735152897985806/,Like
2026-01-25 00:51:36,,,https://www.tiktokv.com/share/video/7598547230206758152/,Like
2026-01-25 00:49:18,,,https://www.tiktokv.com/share/video/7580801015922871585/,Like
2026-01-25 00:47:03,,,https://www.tiktokv.com/share/video/7589376068738501902/,Like
2026-01-25 00:31:19,,,https://www.tiktokv.com/share/video/7599036906667658551/,Like
2026-01-24 15:41:08,,,https://www.tiktokv.com/share/video/7593363545023204630/,Like
2026-01-24 15:38:06,,,https://www.tiktokv.com/share/video/7598123551270423821/,Like
2026-01-24 15:04:58,,,https://www.tiktokv.com/share/video/7598821882078547213/,Like
2026-01-24 06:26:01,,,https://www.tiktokv.com/share/video/7576742678096874807/,Like
2026-01-24 06:25:42,,,https://www.tiktokv.com/share/video/7578739701465599246/,Like
2026-01-24 06:24:34,,,https://www.tiktokv.com/share/video/7596115755750395167/,Like
2026-01-24 04:58:25,,,https://www.tiktokv.com/share/video/7586792635474513166/,Like
2026-01-24 04:58:09,,,https://www.tiktokv.com/share/video/7595029043154586935/,Like
2026-01-24 04:57:23,,,https://www.tiktokv.com/share/video/7588943050081160456/,Like
2026-01-24 04:55:14,,,https://www.tiktokv.com/share/video/7586159715093089556/,Like
2026-01-24 04:50:45,,,https://www.tiktokv.com/share/video/7598260003484519711/,Like
2026-01-24 04:47:50,,,https://www.tiktokv.com/share/video/7598754351833795854/,Like
2026-01-24 04:44:02,,,https://www.tiktokv.com/share/video/7589388851479711008/,Like
2026-01-24 04:42:20,,,https://www.tiktokv.com/share/video/7580771531295362317/,Like
2026-01-24 04:39:48,,,https://www.tiktokv.com/share/video/7583105297720429827/,Like
2026-01-24 04:38:44,,,https://www.tiktokv.com/share/video/7583062513156115734/,Like
2026-01-24 04:37:48,,,https://www.tiktokv.com/share/video/7584432227203910914/,Like
2026-01-24 04:36:45,,,https://www.tiktokv.com/share/video/7589439566021430548/,Like
2026-01-24 04:36:36,,,https://www.tiktokv.com/share/video/7598463070939254071/,Like
2026-01-24 04:35:56,,,https://www.tiktokv.com/share/video/7598743851200826679/,Like
2026-01-24 04:33:11,,,https://www.tiktokv.com/share/video/7598384373775273246/,Like
2026-01-24 04:31:42,,,https://www.tiktokv.com/share/video/7598733471564975415/,Like
2026-01-23 19:22:56,,,https://www.tiktokv.com/share/video/7597887146657189131/,Like
2026-01-23 15:15:55,,,https://www.tiktokv.com/share/video/7598489649471900959/,Like
2026-01-23 07:13:39,,,https://www.tiktokv.com/share/video/7597903518464363806/,Like
2026-01-22 23:33:34,,,https://www.tiktokv.com/share/video/7598283228906147086/,Like
2026-01-22 20:33:26,,,https://www.tiktokv.com/share/video/7598284049077259523/,Like
2026-01-22 20:22:45,,,https://www.tiktokv.com/share/video/7595302789706812727/,Like
2026-01-22 20:08:56,,,https://www.tiktokv.com/share/video/7597432296974699789/,Like
2026-01-22 19:45:14,,,https://www.tiktokv.com/share/video/7596352744118619414/,Like
2026-01-22 19:30:37,,,https://www.tiktokv.com/share/video/7586992097811614990/,Like
2026-01-22 19:29:24,,,https://www.tiktokv.com/share/video/7597474367634787606/,Like
2026-01-22 19:03:19,,,https://www.tiktokv.com/share/video/7590520123220413727/,Like
2026-01-22 19:02:09,,,https://www.tiktokv.com/share/video/7582985349341711638/,Like
2026-01-22 19:00:19,,,https://www.tiktokv.com/share/video/7577303285699300639/,Like
2026-01-22 18:56:45,,,https://www.tiktokv.com/share/video/7583782753292799245/,Like
2026-01-22 18:53:11,,,https://www.tiktokv.com/share/video/7587134904689822989/,Like
2026-01-22 18:50:01,,,https://www.tiktokv.com/share/video/7598009694682205471/,Like
2026-01-22 18:44:18,,,https://www.tiktokv.com/share/video/7598255362768243981/,Like
2026-01-22 04:32:28,,,https://www.tiktokv.com/share/video/7596105381294722312/,Like
2026-01-22 04:31:17,,,https://www.tiktokv.com/share/video/7594132577615760653/,Like
2026-01-21 23:41:44,,,https://www.tiktokv.com/share/video/7597309419508026645/,Like
2026-01-21 23:36:29,,,https://www.tiktokv.com/share/video/7589326621446851858/,Like
2026-01-21 23:34:37,,,https://www.tiktokv.com/share/video/7576130207438949662/,Like
2026-01-21 23:33:13,,,https://www.tiktokv.com/share/video/7597583092018171191/,Like
2026-01-21 23:23:24,,,https://www.tiktokv.com/share/video/7583148210869275917/,Like
2026-01-21 23:17:47,,,https://www.tiktokv.com/share/video/7597150527956274446/,Like
2026-01-21 19:44:17,,,https://www.tiktokv.com/share/video/7576741703281954061/,Like
2026-01-21 19:29:16,,,https://www.tiktokv.com/share/video/7591877339844332822/,Like
2026-01-21 19:27:04,,,https://www.tiktokv.com/share/video/7597167764490456342/,Like
2026-01-21 19:22:45,,,https://www.tiktokv.com/share/video/7596443259858193695/,Like
2026-01-21 19:21:08,,,https://www.tiktokv.com/share/video/7597683865603411230/,Like
2026-01-21 03:54:19,,,https://www.tiktokv.com/share/video/7576690546027072789/,Like
2026-01-21 03:53:11,,,https://www.tiktokv.com/share/video/7596263560112622870/,Like
2026-01-21 03:51:58,,,https://www.tiktokv.com/share/video/7579770508531551501/,Like
2026-01-21 03:50:33,,,https://www.tiktokv.com/share/video/7588955014992006402/,Like
2026-01-21 03:47:51,,,https://www.tiktokv.com/share/video/7597141040625192222/,Like
2026-01-21 03:47:14,,,https://www.tiktokv.com/share/video/7581453971890457878/,Like
2026-01-21 03:11:41,,,https://www.tiktokv.com/share/video/7596887016910884104/,Like
2026-01-20 22:48:02,,,https://www.tiktokv.com/share/video/7594511926000946454/,Like
2026-01-20 18:35:06,,,https://www.tiktokv.com/share/video/7589432379773652226/,Like
2026-01-20 16:10:25,,,https://www.tiktokv.com/share/video/7579770329891966239/,Like
2026-01-20 16:00:26,,,https://www.tiktokv.com/share/video/7592020984492789022/,Like
2026-01-20 16:00:00,,,https://www.tiktokv.com/share/video/7592555730188750101/,Like
2026-01-20 15:55:06,,,https://www.tiktokv.com/share/video/7597239955110284562/,Like
2026-01-20 15:51:38,,,https://www.tiktokv.com/share/video/7577174633661664535/,Like
2026-01-20 15:51:23,,,https://www.tiktokv.com/share/video/7591969621075447054/,Like
2026-01-20 15:38:00,,,https://www.tiktokv.com/share/video/7596422832981118238/,Like
2026-01-19 14:23:36,,,https://www.tiktokv.com/share/video/7596831947695885581/,Like
2026-01-19 13:49:19,,,https://www.tiktokv.com/share/video/7596835970020887821/,Like
2026-01-19 03:17:21,,,https://www.tiktokv.com/share/video/7596834803962416398/,Like
2026-01-19 03:13:20,,,https://www.tiktokv.com/share/video/7596878797165694222/,Like
2026-01-19 03:12:30,,,https://www.tiktokv.com/share/video/7596780424051920159/,Like
2026-01-19 03:09:17,,,https://www.tiktokv.com/share/video/7596834616808361229/,Like
2026-01-18 20:51:34,,,https://www.tiktokv.com/share/video/7596802760448757047/,Like
2026-01-18 20:18:16,,,https://www.tiktokv.com/share/video/7596754691577433399/,Like
2026-01-18 20:18:01,,,https://www.tiktokv.com/share/video/7596757389282446606/,Like
2026-01-18 15:21:45,,,https://www.tiktokv.com/share/video/7595800895820959031/,Like
2026-01-17 23:52:57,,,https://www.tiktokv.com/share/video/7595723599374290231/,Like
2026-01-17 22:01:31,,,https://www.tiktokv.com/share/video/7593125269590773022/,Like
2026-01-17 21:59:21,,,https://www.tiktokv.com/share/video/7595787864579820813/,Like
2026-01-17 21:49:47,,,https://www.tiktokv.com/share/video/7596067339074866454/,Like
2026-01-16 16:03:02,,,https://www.tiktokv.com/share/video/7588668874623618359/,Like
2026-01-16 14:07:27,,,https://www.tiktokv.com/share/video/7584523604780436749/,Like
2026-01-15 20:04:44,,,https://www.tiktokv.com/share/video/7594194065860726046/,Like
2026-01-15 20:02:56,,,https://www.tiktokv.com/share/video/7595080066342718775/,Like
2026-01-15 16:32:46,,,https://www.tiktokv.com/share/video/7594947649330056455/,Like
2026-01-15 16:25:03,,,https://www.tiktokv.com/share/video/7595031174599167262/,Like
2026-01-15 16:22:33,,,https://www.tiktokv.com/share/video/7595263509710097686/,Like
2026-01-14 14:05:09,,,https://www.tiktokv.com/share/video/7594361196178918678/,Like
2026-01-14 05:23:42,,,https://www.tiktokv.com/share/video/7573825588990037251/,Like
2026-01-14 05:19:49,,,https://www.tiktokv.com/share/video/7594727686883282194/,Like
2026-01-14 05:16:47,,,https://www.tiktokv.com/share/video/7594232557047172382/,Like
2026-01-14 05:14:15,,,https://www.tiktokv.com/share/video/7594343690303327502/,Like
2026-01-14 04:08:27,,,https://www.tiktokv.com/share/video/7595011033752816909/,Like
2026-01-13 22:11:51,,,https://www.tiktokv.com/share/video/7591575090018520375/,Like
2026-01-13 22:01:14,,,https://www.tiktokv.com/share/video/7587399311181286678/,Like
2026-01-13 21:46:16,,,https://www.tiktokv.com/share/video/7593987604215860535/,Like
2026-01-13 21:38:44,,,https://www.tiktokv.com/share/video/7579636008552025399/,Like
2026-01-13 21:37:46,,,https://www.tiktokv.com/share/video/7593454299133250830/,Like
2026-01-12 12:46:31,,,https://www.tiktokv.com/share/video/7594204070798282039/,Like
2026-01-10 17:09:19,,,https://www.tiktokv.com/share/video/7593584063307435278/,Like
2026-01-09 04:28:24,,,https://www.tiktokv.com/share/video/7590560824918347022/,Like
2026-01-09 02:43:21,,,https://www.tiktokv.com/share/video/7591780234417032461/,Like
2026-01-09 02:43:00,,,https://www.tiktokv.com/share/video/7592861854398008590/,Like
2026-01-09 02:42:26,,,https://www.tiktokv.com/share/video/7591293556355009847/,Like
2026-01-09 02:41:43,,,https://www.tiktokv.com/share/video/7591052422500453645/,Like
2026-01-09 02:40:47,,,https://www.tiktokv.com/share/video/7591526417649732884/,Like
2026-01-09 02:36:30,,,https://www.tiktokv.com/share/video/7579514625050381598/,Like
2026-01-09 02:32:59,,,https://www.tiktokv.com/share/video/7592417268345212167/,Like
2026-01-09 02:31:55,,,https://www.tiktokv.com/share/video/7590801094389845261/,Like
2026-01-09 02:29:09,,,https://www.tiktokv.com/share/video/7592663309439110413/,Like
2026-01-09 02:28:45,,,https://www.tiktokv.com/share/video/7590916452111158546/,Like
2026-01-09 02:27:43,,,https://www.tiktokv.com/share/video/7589789230960774413/,Like
2026-01-09 02:25:14,,,https://www.tiktokv.com/share/video/7592826945751076110/,Like
2026-01-09 02:23:27,,,https://www.tiktokv.com/share/video/7583136644300131597/,Like
2026-01-09 00:11:47,,,https://www.tiktokv.com/share/video/7592640228246949151/,Like
2026-01-09 00:10:57,,,https://www.tiktokv.com/share/video/7586904248881990942/,Like
2026-01-08 17:08:25,,,https://www.tiktokv.com/share/video/7587144792052649230/,Like
2026-01-07 23:10:34,,,https://www.tiktokv.com/share/video/7592755877476715789/,Like
2026-01-07 00:26:55,,,https://www.tiktokv.com/share/video/7592103137767378190/,Like
2026-01-07 00:26:48,,,https://www.tiktokv.com/share/video/7592042780378139917/,Like
2026-01-06 18:12:35,,,https://www.tiktokv.com/share/video/7591647480693968159/,Like
2026-01-06 16:55:41,,,https://www.tiktokv.com/share/video/7591995803393166647/,Like
2026-01-05 05:38:20,,,https://www.tiktokv.com/share/video/7591709803068656910/,Like
2026-01-04 22:52:34,,,https://www.tiktokv.com/share/video/7591379354051972365/,Like
2026-01-04 18:24:15,,,https://www.tiktokv.com/share/video/7582741813304347924/,Like
2026-01-04 16:44:57,,,https://www.tiktokv.com/share/video/7590133518286605623/,Like
2026-01-04 16:36:52,,,https://www.tiktokv.com/share/video/7590800050905713934/,Like
2026-01-04 16:36:05,,,https://www.tiktokv.com/share/video/7590915147674258701/,Like
2026-01-03 05:59:55,,,https://www.tiktokv.com/share/video/7590913371013254414/,Like
2026-01-01 14:21:51,,,https://www.tiktokv.com/share/video/7589760825762598175/,Like
2025-12-31 22:25:18,,,https://www.tiktokv.com/share/video/7589904502703115550/,Like
2025-12-31 22:21:29,,,https://www.tiktokv.com/share/video/7589422953008270606/,Like
2025-12-31 05:09:10,,,https://www.tiktokv.com/share/video/7589414247356992790/,Like
2025-12-30 22:58:09,,,https://www.tiktokv.com/share/video/7581613707013213447/,Like
2025-12-30 22:18:48,,,https://www.tiktokv.com/share/video/7588237052991261966/,Like
2025-12-30 22:07:51,,,https://www.tiktokv.com/share/video/7589056129523600647/,Like
2025-12-30 22:07:34,,,https://www.tiktokv.com/share/video/7582787685866016055/,Like
2025-12-30 20:03:40,,,https://www.tiktokv.com/share/video/7575552587781459222/,Like
2025-12-30 20:01:37,,,https://www.tiktokv.com/share/video/7584614221078383902/,Like
2025-12-30 19:51:44,,,https://www.tiktokv.com/share/video/7589029224669809940/,Like
2025-12-30 07:22:44,,,https://www.tiktokv.com/share/video/7583166603827760439/,Like
2025-12-30 07:22:30,,,https://www.tiktokv.com/share/video/7580330296814603543/,Like
2025-12-30 07:22:09,,,https://www.tiktokv.com/share/video/7586238399535762709/,Like
2025-12-30 07:21:48,,,https://www.tiktokv.com/share/video/7589116966858755359/,Like
2025-12-30 07:20:55,,,https://www.tiktokv.com/share/video/7588710509084478750/,Like
2025-12-30 07:20:17,,,https://www.tiktokv.com/share/video/7587202250406251790/,Like
2025-12-30 07:19:24,,,https://www.tiktokv.com/share/video/7588693276828437782/,Like
2025-12-30 06:57:27,,,https://www.tiktokv.com/share/video/7588796254184836383/,Like
2025-12-30 06:09:52,,,https://www.tiktokv.com/share/video/7589046119498337591/,Like
2025-12-30 06:07:34,,,https://www.tiktokv.com/share/video/7588972692737379606/,Like
2025-12-30 06:06:09,,,https://www.tiktokv.com/share/video/7588706861231148309/,Like
2025-12-28 04:49:07,,,https://www.tiktokv.com/share/video/7588243464517717270/,Like
2025-12-27 01:20:52,,,https://www.tiktokv.com/share/video/7587456134974328086/,Like
2025-12-27 01:18:31,,,https://www.tiktokv.com/share/video/7587385494393228546/,Like
2025-12-27 00:52:18,,,https://www.tiktokv.com/share/video/7585999800651304214/,Like
2025-12-27 00:46:23,,,https://www.tiktokv.com/share/video/7586694710677228822/,Like
2025-12-25 06:02:25,,,https://www.tiktokv.com/share/video/7587202994966465810/,Like
2025-12-25 01:02:22,,,https://www.tiktokv.com/share/video/7578531719381404960/,Like
2025-12-24 23:45:06,,,https://www.tiktokv.com/share/video/7587551822806551838/,Like
2025-12-24 14:51:40,,,https://www.tiktokv.com/share/video/7587086185445575950/,Like
2025-12-24 14:51:01,,,https://www.tiktokv.com/share/video/7587039628771757334/,Like
2025-12-24 02:17:40,,,https://www.tiktokv.com/share/video/7583060870784126239/,Like
2025-12-24 02:06:10,,,https://www.tiktokv.com/share/video/7584528662150614294/,Like
2025-12-22 04:31:12,,,https://www.tiktokv.com/share/video/7586487742775938317/,Like
2025-12-21 05:28:36,,,https://www.tiktokv.com/share/video/7585243982280609055/,Like
2025-12-21 05:28:19,,,https://www.tiktokv.com/share/video/7585774822131584311/,Like
2025-12-21 05:26:52,,,https://www.tiktokv.com/share/video/7585346165562952980/,Like
2025-12-20 23:03:52,,,https://www.tiktokv.com/share/video/7583068981532036374/,Like
2025-12-20 22:51:26,,,https://www.tiktokv.com/share/video/7580612385287802143/,Like
2025-12-20 22:28:25,,,https://www.tiktokv.com/share/video/7564485482919300370/,Like
2025-12-20 14:47:00,,,https://www.tiktokv.com/share/video/7583766784038161686/,Like
2025-12-20 14:46:28,,,https://www.tiktokv.com/share/video/7583652629050346774/,Like
2025-12-20 14:46:07,,,https://www.tiktokv.com/share/video/7583408214151056643/,Like
2025-12-20 14:43:08,,,https://www.tiktokv.com/share/video/7583857055644044574/,Like
2025-12-20 14:41:03,,,https://www.tiktokv.com/share/video/7584453136178449666/,Like
2025-12-20 14:40:36,,,https://www.tiktokv.com/share/video/7585579775947738382/,Like
2025-12-20 14:40:16,,,https://www.tiktokv.com/share/video/7565300232741719327/,Like
2025-12-20 14:35:58,,,https://www.tiktokv.com/share/video/7585394683933674783/,Like
2025-12-20 14:35:39,,,https://www.tiktokv.com/share/video/7585718406234574111/,Like
2025-12-20 14:34:28,,,https://www.tiktokv.com/share/video/7585333843305991445/,Like
2025-12-19 06:22:40,,,https://www.tiktokv.com/share/video/7584195444457098510/,Like
2025-12-19 04:42:40,,,https://www.tiktokv.com/share/video/7585194891811032351/,Like
2025-12-18 02:15:28,,,https://www.tiktokv.com/share/video/7576709947493223735/,Like
2025-12-18 02:13:37,,,https://www.tiktokv.com/share/video/7584191277734907143/,Like
2025-12-18 02:05:13,,,https://www.tiktokv.com/share/video/7584982500032777485/,Like
2025-12-18 02:03:27,,,https://www.tiktokv.com/share/video/7584129766861573398/,Like
2025-12-16 18:05:31,,,https://www.tiktokv.com/share/video/7584289717047364878/,Like
2025-12-16 06:02:15,,,https://www.tiktokv.com/share/video/7583386172542471437/,Like
2025-12-13 16:57:28,,,https://www.tiktokv.com/share/video/7583363978923887885/,Like
2025-12-12 05:23:52,,,https://www.tiktokv.com/share/video/7581454391471869215/,Like
2025-12-12 05:19:02,,,https://www.tiktokv.com/share/video/7582814440052116749/,Like
2025-12-12 05:09:19,,,https://www.tiktokv.com/share/video/7582173665513475350/,Like
2025-12-11 18:05:25,,,https://www.tiktokv.com/share/video/7582491313921133838/,Like
2025-12-11 18:04:20,,,https://www.tiktokv.com/share/video/7578593197270617374/,Like
2025-12-11 14:06:45,,,https://www.tiktokv.com/share/video/7581866441012432159/,Like
2025-12-11 14:05:58,,,https://www.tiktokv.com/share/video/7582433132511530295/,Like
2025-12-11 14:04:07,,,https://www.tiktokv.com/share/video/7582373371845840141/,Like
2025-12-10 23:15:14,,,https://www.tiktokv.com/share/video/7571113547044801810/,Like
2025-12-10 23:14:31,,,https://www.tiktokv.com/share/video/7581834704903507202/,Like
2025-12-10 23:09:36,,,https://www.tiktokv.com/share/video/7581902707435244830/,Like
2025-12-10 23:09:24,,,https://www.tiktokv.com/share/video/7582020536641850654/,Like
2025-12-10 18:05:11,,,https://www.tiktokv.com/share/video/7581959457123355917/,Like
2025-12-10 17:58:48,,,https://www.tiktokv.com/share/video/7560880682537454859/,Like
2025-12-10 17:52:51,,,https://www.tiktokv.com/share/video/7579086147096235294/,Like
2025-12-10 13:44:37,,,https://www.tiktokv.com/share/video/7582008623245593886/,Like
2025-12-10 13:37:33,,,https://www.tiktokv.com/share/video/7581623725431278878/,Like
2025-12-10 13:37:00,,,https://www.tiktokv.com/share/video/7582034054376197431/,Like
2025-12-10 04:38:23,,,https://www.tiktokv.com/share/video/7578384964681567518/,Like
2025-12-08 19:13:25,,,https://www.tiktokv.com/share/video/7580824411192691982/,Like
2025-12-08 18:45:40,,,https://www.tiktokv.com/share/video/7579786778777767223/,Like
2025-12-07 23:45:17,,,https://www.tiktokv.com/share/video/7580781736662011166/,Like
2025-12-07 23:44:48,,,https://www.tiktokv.com/share/video/7580870610037902622/,Like
2025-12-07 23:31:57,,,https://www.tiktokv.com/share/video/7574907729119235358/,Like
2025-12-07 23:18:32,,,https://www.tiktokv.com/share/video/7580520227226602766/,Like
2025-12-07 23:14:19,,,https://www.tiktokv.com/share/video/7580576668528463159/,Like
2025-12-07 23:08:22,,,https://www.tiktokv.com/share/video/7580156798393486623/,Like
2025-12-07 06:00:12,,,https://www.tiktokv.com/share/video/7580627374153272587/,Like
2025-12-07 03:02:13,,,https://www.tiktokv.com/share/video/7578522791977209106/,Like
2025-12-07 02:31:39,,,https://www.tiktokv.com/share/video/7566305625144134934/,Like
2025-12-07 00:54:09,,,https://www.tiktokv.com/share/video/7558986724152528159/,Like
2025-12-06 22:45:07,,,https://www.tiktokv.com/share/video/7580781155880881463/,Like
2025-12-06 04:52:21,,,https://www.tiktokv.com/share/video/7579880884548029727/,Like
2025-12-05 08:04:33,,,https://www.tiktokv.com/share/video/7577708404811042062/,Like
2025-12-05 07:56:19,,,https://www.tiktokv.com/share/video/7569713568006802710/,Like
2025-12-05 07:33:43,,,https://www.tiktokv.com/share/video/7573443466772925717/,Like
2025-12-05 07:27:59,,,https://www.tiktokv.com/share/video/7562376671207148822/,Like
2025-12-05 07:26:10,,,https://www.tiktokv.com/share/video/7559776799211769118/,Like
2025-12-05 07:24:58,,,https://www.tiktokv.com/share/video/7573457965768871190/,Like
2025-12-05 07:20:41,,,https://www.tiktokv.com/share/video/7580044048199666966/,Like
2025-12-05 07:17:49,,,https://www.tiktokv.com/share/video/7580176682020064567/,Like
2025-12-05 07:16:29,,,https://www.tiktokv.com/share/video/7580170974633446670/,Like
2025-12-04 04:44:10,,,https://www.tiktokv.com/share/video/7572970665590918422/,Like
2025-12-04 03:33:46,,,https://www.tiktokv.com/share/video/7578910604413422870/,Like
2025-12-04 02:50:10,,,https://www.tiktokv.com/share/video/7577869105026321678/,Like
2025-12-04 02:37:44,,,https://www.tiktokv.com/share/video/7578281228835638549/,Like
2025-12-04 02:35:44,,,https://www.tiktokv.com/share/video/7570118432511773965/,Like
2025-12-04 02:02:53,,,https://www.tiktokv.com/share/video/7576774538290023735/,Like
2025-12-04 01:43:37,,,https://www.tiktokv.com/share/video/7558319218861624583/,Like
2025-12-04 01:22:58,,,https://www.tiktokv.com/share/video/7578053255612140855/,Like
2025-12-03 20:47:30,,,https://www.tiktokv.com/share/video/7575559424509545742/,Like
2025-12-02 05:31:29,,,https://www.tiktokv.com/share/video/7577862070494924062/,Like
2025-12-02 01:30:02,,,https://www.tiktokv.com/share/video/7570666989522423063/,Like
2025-12-01 20:36:18,,,https://www.tiktokv.com/share/video/7578584690165124383/,Like
2025-12-01 01:35:11,,,https://www.tiktokv.com/share/video/7575224155541474582/,Like
2025-12-01 01:32:04,,,https://www.tiktokv.com/share/video/7578574934071332128/,Like
2025-12-01 01:03:44,,,https://www.tiktokv.com/share/video/7578397564345634061/,Like
2025-12-01 01:01:16,,,https://www.tiktokv.com/share/video/7578331701017939255/,Like
2025-11-29 05:39:48,,,https://www.tiktokv.com/share/video/7577322128773614864/,Like
2025-11-29 05:33:11,,,https://www.tiktokv.com/share/video/7577259874573192503/,Like
2025-11-28 04:59:51,,,https://www.tiktokv.com/share/video/7576886973105720607/,Like
2025-11-28 04:56:17,,,https://www.tiktokv.com/share/video/7575991121164209421/,Like
2025-11-28 04:53:33,,,https://www.tiktokv.com/share/video/7571326789830610196/,Like
2025-11-28 04:53:08,,,https://www.tiktokv.com/share/video/7571952779875323169/,Like
2025-11-27 14:54:36,,,https://www.tiktokv.com/share/video/7577417091796520247/,Like
2025-11-27 14:53:47,,,https://www.tiktokv.com/share/video/7576872657409314078/,Like
2025-11-27 14:44:32,,,https://www.tiktokv.com/share/video/7576705757836479757/,Like
2025-11-27 14:32:11,,,https://www.tiktokv.com/share/video/7576186612690717974/,Like
2025-11-27 14:27:51,,,https://www.tiktokv.com/share/video/7576945445893573896/,Like
2025-11-27 04:01:26,,,https://www.tiktokv.com/share/video/7576237326620265759/,Like
2025-11-26 21:19:02,,,https://www.tiktokv.com/share/video/7576798844076182814/,Like
2025-11-26 21:16:55,,,https://www.tiktokv.com/share/video/7576406505159806230/,Like
2025-11-26 21:16:28,,,https://www.tiktokv.com/share/video/7577135970730904846/,Like
2025-11-26 18:31:52,,,https://www.tiktokv.com/share/video/7576680615936789791/,Like
2025-11-26 18:29:07,,,https://www.tiktokv.com/share/video/7577038362834488590/,Like
2025-11-25 16:21:16,,,https://www.tiktokv.com/share/video/7570919316590169357/,Like
2025-11-25 01:47:48,,,https://www.tiktokv.com/share/video/7576109490391502094/,Like
2025-11-24 23:40:08,,,https://www.tiktokv.com/share/video/7576398699471932686/,Like
2025-11-24 23:37:20,,,https://www.tiktokv.com/share/video/7576416651118267661/,Like
2025-11-24 23:33:47,,,https://www.tiktokv.com/share/video/7557327738839878934/,Like
2025-11-24 23:31:52,,,https://www.tiktokv.com/share/video/7556265238711094550/,Like
2025-11-24 20:13:44,,,https://www.tiktokv.com/share/video/7576037408265800990/,Like
2025-11-24 20:13:28,,,https://www.tiktokv.com/share/video/7556409735705070879/,Like
2025-11-24 19:20:52,,,https://www.tiktokv.com/share/video/7570824740642753814/,Like
2025-11-24 18:50:06,,,https://www.tiktokv.com/share/video/7575740844603378975/,Like
2025-11-24 18:41:28,,,https://www.tiktokv.com/share/video/7560175043095989516/,Like
2025-11-24 18:38:37,,,https://www.tiktokv.com/share/video/7572707861000752398/,Like
2025-11-24 18:37:49,,,https://www.tiktokv.com/share/video/7570484047869250830/,Like
2025-11-24 17:52:55,,,https://www.tiktokv.com/share/video/7569974441891892501/,Like
2025-11-24 17:22:13,,,https://www.tiktokv.com/share/video/7566658105317117206/,Like
2025-11-24 17:02:46,,,https://www.tiktokv.com/share/video/7575356521748368654/,Like
2025-11-24 16:48:57,,,https://www.tiktokv.com/share/video/7570427387289013535/,Like
2025-11-24 16:16:36,,,https://www.tiktokv.com/share/video/7572922619893173522/,Like
2025-11-24 06:56:08,,,https://www.tiktokv.com/share/video/7573733234542955806/,Like
2025-11-24 04:50:38,,,https://www.tiktokv.com/share/video/7575727718805851406/,Like
2025-11-23 07:35:21,,,https://www.tiktokv.com/share/video/7574923427102854422/,Like
2025-11-22 19:24:25,,,https://www.tiktokv.com/share/video/7566853515700751630/,Like
2025-11-22 14:54:06,,,https://www.tiktokv.com/share/video/7557664829859761430/,Like
2025-11-22 04:12:34,,,https://www.tiktokv.com/share/video/7575375676878998839/,Like
2025-11-22 04:12:19,,,https://www.tiktokv.com/share/video/7565457985179307277/,Like
2025-11-22 00:05:20,,,https://www.tiktokv.com/share/video/7571184277057031438/,Like
2025-11-21 17:25:18,,,https://www.tiktokv.com/share/video/7574309093905583391/,Like
2025-11-21 07:12:25,,,https://www.tiktokv.com/share/video/7574485216027364621/,Like
2025-11-21 07:08:32,,,https://www.tiktokv.com/share/video/7575038113811139854/,Like
2025-11-21 07:06:51,,,https://www.tiktokv.com/share/video/7574605358455508254/,Like
2025-11-21 07:05:02,,,https://www.tiktokv.com/share/video/7574835750902992183/,Like
2025-11-21 07:04:39,,,https://www.tiktokv.com/share/video/7574559172402892062/,Like
2025-11-21 07:04:02,,,https://www.tiktokv.com/share/video/7575008661399981367/,Like
2025-11-21 00:22:09,,,https://www.tiktokv.com/share/video/7573872489260928270/,Like
2025-11-19 16:13:37,,,https://www.tiktokv.com/share/video/7573435259539311902/,Like
2025-11-19 15:56:46,,,https://www.tiktokv.com/share/video/7574159211396041986/,Like
2025-11-19 15:54:59,,,https://www.tiktokv.com/share/video/7562494298709609750/,Like
2025-11-19 15:53:14,,,https://www.tiktokv.com/share/video/7572288984051698958/,Like
2025-11-19 15:52:06,,,https://www.tiktokv.com/share/video/7565197173973912845/,Like
2025-11-19 15:45:45,,,https://www.tiktokv.com/share/video/7574036267399171383/,Like
2025-11-19 15:45:36,,,https://www.tiktokv.com/share/video/7573834272772082999/,Like
2025-11-19 15:05:50,,,https://www.tiktokv.com/share/video/7574174310156209424/,Like
2025-11-19 15:04:33,,,https://www.tiktokv.com/share/video/7574145881356750113/,Like
2025-11-19 05:03:27,,,https://www.tiktokv.com/share/video/7554201923176451358/,Like
2025-11-19 05:02:51,,,https://www.tiktokv.com/share/video/7571985748715392311/,Like
2025-11-19 04:57:38,,,https://www.tiktokv.com/share/video/7574258182483086647/,Like
2025-11-19 02:21:53,,,https://www.tiktokv.com/share/video/7574239680527469854/,Like
2025-11-18 23:31:47,,,https://www.tiktokv.com/share/video/7574088492477713676/,Like
2025-11-18 23:31:30,,,https://www.tiktokv.com/share/video/7573706865557687565/,Like
2025-11-18 15:08:08,,,https://www.tiktokv.com/share/video/7572675037564620054/,Like
2025-11-18 06:09:39,,,https://www.tiktokv.com/share/video/7556390299837189431/,Like
2025-11-18 06:04:41,,,https://www.tiktokv.com/share/video/7553634315125427512/,Like
2025-11-18 05:52:09,,,https://www.tiktokv.com/share/video/7563816601292721415/,Like
2025-11-18 05:39:56,,,https://www.tiktokv.com/share/video/7562247029255179542/,Like
2025-11-18 05:33:40,,,https://www.tiktokv.com/share/video/7561512385782025503/,Like
2025-11-18 05:30:49,,,https://www.tiktokv.com/share/video/7573566666202697015/,Like
2025-11-18 05:27:20,,,https://www.tiktokv.com/share/video/7573395583000530207/,Like
2025-11-18 05:20:40,,,https://www.tiktokv.com/share/video/7573314792950140215/,Like
2025-11-18 05:17:39,,,https://www.tiktokv.com/share/video/7572989591506914573/,Like
2025-11-18 04:55:19,,,https://www.tiktokv.com/share/video/7573839915939646751/,Like
2025-11-18 04:47:42,,,https://www.tiktokv.com/share/video/7573417271192751373/,Like
2025-11-18 04:37:46,,,https://www.tiktokv.com/share/video/7573912975908621623/,Like
2025-11-18 01:39:10,,,https://www.tiktokv.com/share/video/7573499570672438559/,Like
2025-11-18 01:24:05,,,https://www.tiktokv.com/share/video/7573366163984387383/,Like
2025-11-18 01:23:58,,,https://www.tiktokv.com/share/video/7573082930549902605/,Like
2025-11-18 01:23:41,,,https://www.tiktokv.com/share/video/7563734570131033399/,Like
2025-11-18 01:22:16,,,https://www.tiktokv.com/share/video/7573319467149626679/,Like
2025-11-18 01:14:04,,,https://www.tiktokv.com/share/video/7573501777190898957/,Like
2025-11-18 01:14:01,,,https://www.tiktokv.com/share/video/7573412169757363486/,Like
2025-11-17 21:46:12,,,https://www.tiktokv.com/share/video/7573395990762278199/,Like
2025-11-17 15:48:11,,,https://www.tiktokv.com/share/video/7573029389303123222/,Like
2025-11-17 15:45:04,,,https://www.tiktokv.com/share/video/7573417978797051158/,Like
2025-11-17 15:44:13,,,https://www.tiktokv.com/share/video/7573504052726697230/,Like
2025-11-17 06:01:45,,,https://www.tiktokv.com/share/video/7570862452460588343/,Like
2025-11-17 05:54:09,,,https://www.tiktokv.com/share/video/7573399708370996535/,Like
2025-11-17 05:52:49,,,https://www.tiktokv.com/share/video/7572635874580614422/,Like
2025-11-17 05:19:56,,,https://www.tiktokv.com/share/video/7572796181265304846/,Like
2025-11-17 05:18:59,,,https://www.tiktokv.com/share/video/7571259573412105527/,Like
2025-11-17 05:17:16,,,https://www.tiktokv.com/share/video/7573444845285543198/,Like
2025-11-17 05:10:56,,,https://www.tiktokv.com/share/video/7573125280890490142/,Like
2025-11-17 05:09:22,,,https://www.tiktokv.com/share/video/7572007896343448850/,Like
2025-11-17 05:09:14,,,https://www.tiktokv.com/share/video/7572702891752967438/,Like
2025-11-16 14:52:59,,,https://www.tiktokv.com/share/video/7572892067668544782/,Like
2025-11-15 21:33:55,,,https://www.tiktokv.com/share/video/7563645841974529302/,Like
2025-11-15 21:29:50,,,https://www.tiktokv.com/share/video/7565817296992701710/,Like
2025-11-15 21:28:55,,,https://www.tiktokv.com/share/video/7572299667724111118/,Like
2025-11-15 15:38:38,,,https://www.tiktokv.com/share/video/7572432364274601229/,Like
2025-11-14 21:53:33,,,https://www.tiktokv.com/share/video/7572342705636887839/,Like
2025-11-14 15:51:53,,,https://www.tiktokv.com/share/video/7571481890088176927/,Like
2025-11-14 15:44:57,,,https://www.tiktokv.com/share/video/7572461857810713887/,Like
2025-11-14 06:05:28,,,https://www.tiktokv.com/share/video/7572375571313741070/,Like
2025-11-14 04:03:58,,,https://www.tiktokv.com/share/video/7571452603989642551/,Like
2025-11-13 23:58:11,,,https://www.tiktokv.com/share/video/7571645415683083551/,Like
2025-11-13 23:01:22,,,https://www.tiktokv.com/share/video/7568980477017705783/,Like
2025-11-13 23:00:53,,,https://www.tiktokv.com/share/video/7551454389752433934/,Like
2025-11-13 22:50:40,,,https://www.tiktokv.com/share/video/7571873899147693326/,Like
2025-11-13 21:53:01,,,https://www.tiktokv.com/share/video/7571902655023385869/,Like
2025-11-13 01:42:21,,,https://www.tiktokv.com/share/video/7561945469304327446/,Like
2025-11-13 01:39:27,,,https://www.tiktokv.com/share/video/7571720226794917151/,Like
2025-11-12 23:10:37,,,https://www.tiktokv.com/share/video/7571502454920072479/,Like
2025-11-12 21:23:57,,,https://www.tiktokv.com/share/video/7571524580452404510/,Like
2025-11-12 21:03:14,,,https://www.tiktokv.com/share/video/7570486879494163767/,Like
2025-11-12 20:52:27,,,https://www.tiktokv.com/share/video/7571253844672285965/,Like
2025-11-12 20:51:05,,,https://www.tiktokv.com/share/video/7569973892899425550/,Like
2025-11-12 20:44:46,,,https://www.tiktokv.com/share/video/7571008650496576788/,Like
2025-11-12 20:41:04,,,https://www.tiktokv.com/share/video/7571516561291316502/,Like
2025-11-12 13:09:34,,,https://www.tiktokv.com/share/video/7570359297511591190/,Like
2025-11-12 05:40:29,,,https://www.tiktokv.com/share/video/7545169186453015830/,Like
2025-11-12 04:29:28,,,https://www.tiktokv.com/share/video/7569679605896989982/,Like
2025-11-11 19:09:09,,,https://www.tiktokv.com/share/video/7569297791802019127/,Like
2025-11-10 21:44:43,,,https://www.tiktokv.com/share/video/7570442295942729015/,Like
2025-11-09 23:20:19,,,https://www.tiktokv.com/share/video/7569771610517851447/,Like
2025-11-08 19:22:43,,,https://www.tiktokv.com/share/video/7570181528202824973/,Like
2025-11-08 00:26:07,,,https://www.tiktokv.com/share/video/7569671452333575455/,Like
2025-11-08 00:21:49,,,https://www.tiktokv.com/share/video/7566756317264645398/,Like
2025-11-07 04:53:19,,,https://www.tiktokv.com/share/video/7568967081245314336/,Like
2025-11-07 04:51:37,,,https://www.tiktokv.com/share/video/7569456507415203086/,Like
2025-11-07 04:45:54,,,https://www.tiktokv.com/share/video/7569447255279750430/,Like
2025-11-07 04:45:12,,,https://www.tiktokv.com/share/video/7569381454308707592/,Like
2025-11-06 04:38:42,,,https://www.tiktokv.com/share/video/7568976474619825430/,Like
2025-11-06 00:04:16,,,https://www.tiktokv.com/share/video/7569059455674109198/,Like
2025-11-04 15:29:07,,,https://www.tiktokv.com/share/video/7568518589939076374/,Like
2025-11-03 13:29:14,,,https://www.tiktokv.com/share/video/7550485005357616391/,Like
2025-11-03 11:48:40,,,https://www.tiktokv.com/share/video/7540032739320417591/,Like
2025-11-03 05:23:14,,,https://www.tiktokv.com/share/video/7557007504929197314/,Like
2025-11-03 05:08:44,,,https://www.tiktokv.com/share/video/7551141922614578445/,Like
2025-11-03 05:05:08,,,https://www.tiktokv.com/share/video/7556496579696266510/,Like
2025-11-03 05:04:43,,,https://www.tiktokv.com/share/video/7567772159108549909/,Like
2025-11-03 05:04:27,,,https://www.tiktokv.com/share/video/7554667570243079446/,Like
2025-11-02 00:08:24,,,https://www.tiktokv.com/share/video/7567553394341203255/,Like
2025-11-02 00:07:52,,,https://www.tiktokv.com/share/video/7567427062135377165/,Like
2025-11-02 00:07:31,,,https://www.tiktokv.com/share/video/7567517284273622302/,Like
2025-11-01 23:53:19,,,https://www.tiktokv.com/share/video/7567904242472717623/,Like
2025-11-01 21:02:38,,,https://www.tiktokv.com/share/video/7567743712768445709/,Like
2025-11-01 18:58:53,,,https://www.tiktokv.com/share/video/7567828937250802957/,Like
2025-11-01 18:03:52,,,https://www.tiktokv.com/share/video/7567307953636740366/,Like
2025-11-01 15:50:41,,,https://www.tiktokv.com/share/video/7567764096272108814/,Like
2025-11-01 03:35:18,,,https://www.tiktokv.com/share/video/7567126954755886366/,Like
2025-11-01 03:19:35,,,https://www.tiktokv.com/share/video/7567449394107256077/,Like
2025-11-01 03:17:01,,,https://www.tiktokv.com/share/video/7567387175608716574/,Like
2025-11-01 03:12:09,,,https://www.tiktokv.com/share/video/7567560188333542711/,Like
2025-11-01 03:11:55,,,https://www.tiktokv.com/share/video/7567537700065054007/,Like
2025-10-31 19:40:10,,,https://www.tiktokv.com/share/video/7567185217564232973/,Like
2025-10-31 15:58:55,,,https://www.tiktokv.com/share/video/7566007741387443489/,Like
2025-10-31 04:10:11,,,https://www.tiktokv.com/share/video/7567163986236476686/,Like
2025-10-31 03:46:53,,,https://www.tiktokv.com/share/video/7566781801075707191/,Like
2025-10-30 20:53:23,,,https://www.tiktokv.com/share/video/7566880746216934678/,Like
2025-10-30 13:58:50,,,https://www.tiktokv.com/share/video/7566670666657811725/,Like
2025-10-30 13:54:27,,,https://www.tiktokv.com/share/video/7556332335256341782/,Like
2025-10-30 13:07:54,,,https://www.tiktokv.com/share/video/7566733823421992223/,Like
2025-10-30 02:14:01,,,https://www.tiktokv.com/share/video/7548880743171214614/,Like
2025-10-30 01:22:52,,,https://www.tiktokv.com/share/video/7566437827647507743/,Like
2025-10-30 01:20:16,,,https://www.tiktokv.com/share/video/7553355668493815062/,Like
2025-10-30 01:16:07,,,https://www.tiktokv.com/share/video/7566717615490616631/,Like
2025-10-28 21:31:14,,,https://www.tiktokv.com/share/video/7556861015611247885/,Like
2025-10-28 21:24:23,,,https://www.tiktokv.com/share/video/7566086446671613214/,Like
2025-10-28 21:14:16,,,https://www.tiktokv.com/share/video/7562222449845112119/,Like
2025-10-28 21:13:34,,,https://www.tiktokv.com/share/video/7556637070953942286/,Like
2025-10-28 21:08:34,,,https://www.tiktokv.com/share/video/7566118738999708942/,Like
2025-10-28 21:03:55,,,https://www.tiktokv.com/share/video/7566004283666140434/,Like
2025-10-28 11:45:42,,,https://www.tiktokv.com/share/video/7565978184727022903/,Like
2025-10-28 04:10:18,,,https://www.tiktokv.com/share/video/7565935169345998093/,Like
2025-10-28 02:05:42,,,https://www.tiktokv.com/share/video/7548915483332971807/,Like
2025-10-28 02:02:55,,,https://www.tiktokv.com/share/video/7565522212124364045/,Like
2025-10-28 01:58:50,,,https://www.tiktokv.com/share/video/7565714155844472119/,Like
2025-10-28 01:56:57,,,https://www.tiktokv.com/share/video/7562983228684913942/,Like
2025-10-28 01:54:32,,,https://www.tiktokv.com/share/video/7556728125799894302/,Like
2025-10-28 01:38:28,,,https://www.tiktokv.com/share/video/7566043771935214903/,Like
2025-10-27 22:23:17,,,https://www.tiktokv.com/share/video/7565938571312368909/,Like
2025-10-27 22:10:46,,,https://www.tiktokv.com/share/video/7545679277652544782/,Like
2025-10-27 22:02:13,,,https://www.tiktokv.com/share/video/7565730007813852447/,Like
2025-10-27 03:22:34,,,https://www.tiktokv.com/share/video/7554023781593828630/,Like
2025-10-27 03:22:17,,,https://www.tiktokv.com/share/video/7564708806148525332/,Like
2025-10-26 14:42:42,,,https://www.tiktokv.com/share/video/7384842577050209569/,Like
2025-10-26 04:52:52,,,https://www.tiktokv.com/share/video/7561510564820749575/,Like
2025-10-26 04:33:17,,,https://www.tiktokv.com/share/video/7563751279957134625/,Like
2025-10-26 00:38:00,,,https://www.tiktokv.com/share/video/7563447952128199967/,Like
2025-10-25 21:53:07,,,https://www.tiktokv.com/share/video/7543139370354625823/,Like
2025-10-25 21:52:42,,,https://www.tiktokv.com/share/video/7564859909649583373/,Like
2025-10-25 21:47:16,,,https://www.tiktokv.com/share/video/7559653150358064415/,Like
2025-10-25 21:41:25,,,https://www.tiktokv.com/share/video/7544383337394081046/,Like
2025-10-25 21:41:02,,,https://www.tiktokv.com/share/video/7541444878396378390/,Like
2025-10-25 21:39:01,,,https://www.tiktokv.com/share/video/7548219065215585550/,Like
2025-10-25 21:38:51,,,https://www.tiktokv.com/share/video/7546278043426376982/,Like
2025-10-25 21:37:30,,,https://www.tiktokv.com/share/video/7564589490912759071/,Like
2025-10-25 21:37:00,,,https://www.tiktokv.com/share/video/7561591236885368095/,Like
2025-10-25 19:11:07,,,https://www.tiktokv.com/share/video/7565154259117919501/,Like
2025-10-24 14:44:09,,,https://www.tiktokv.com/share/video/7562981337146150162/,Like
2025-10-23 12:50:59,,,https://www.tiktokv.com/share/video/7563828156898102542/,Like
2025-10-21 23:42:42,,,https://www.tiktokv.com/share/video/7556570076141473055/,Like
2025-10-20 15:28:17,,,https://www.tiktokv.com/share/video/7557433959697665294/,Like
2025-10-19 05:24:24,,,https://www.tiktokv.com/share/video/7562762388127141133/,Like
2025-10-19 05:07:30,,,https://www.tiktokv.com/share/video/7562727524959014199/,Like
2025-10-18 04:13:45,,,https://www.tiktokv.com/share/video/7562347014575508750/,Like
2025-10-18 01:08:35,,,https://www.tiktokv.com/share/video/7543397915562167574/,Like
2025-10-18 00:59:54,,,https://www.tiktokv.com/share/video/7558617455933787406/,Like
2025-10-18 00:59:44,,,https://www.tiktokv.com/share/video/7561697254705351949/,Like
2025-10-15 03:55:16,,,https://www.tiktokv.com/share/video/7560863239282691383/,Like
2025-10-13 01:48:22,,,https://www.tiktokv.com/share/video/7560021271929490702/,Like
2025-10-12 23:57:33,,,https://www.tiktokv.com/share/video/7559702216961985823/,Like
2025-10-10 17:57:58,,,https://www.tiktokv.com/share/video/7559519309890948374/,Like
2025-10-10 17:57:51,,,https://www.tiktokv.com/share/video/7558329187560426782/,Like
2025-10-10 15:20:41,,,https://www.tiktokv.com/share/video/7546619634204544276/,Like
2025-10-10 15:17:28,,,https://www.tiktokv.com/share/video/7545057918618504455/,Like
2025-10-10 15:10:06,,,https://www.tiktokv.com/share/video/7541366087762414850/,Like
2025-10-10 13:55:00,,,https://www.tiktokv.com/share/video/7559272651546463543/,Like
2025-10-10 13:51:10,,,https://www.tiktokv.com/share/video/7539645284268215566/,Like
2025-10-10 03:28:21,,,https://www.tiktokv.com/share/video/7559183163348536598/,Like
2025-10-10 03:05:13,,,https://www.tiktokv.com/share/video/7558658936849681695/,Like
2025-10-09 14:02:24,,,https://www.tiktokv.com/share/video/7549273841940303126/,Like
2025-10-09 13:58:51,,,https://www.tiktokv.com/share/video/7558483092537642270/,Like
2025-10-09 04:17:24,,,https://www.tiktokv.com/share/video/7558494933406027038/,Like
2025-10-09 04:11:54,,,https://www.tiktokv.com/share/video/7558334679707929887/,Like
2025-10-08 20:23:12,,,https://www.tiktokv.com/share/video/7550895344666578184/,Like
2025-10-08 20:03:00,,,https://www.tiktokv.com/share/video/7558520867274181943/,Like
2025-10-08 19:52:41,,,https://www.tiktokv.com/share/video/7558532769039584534/,Like
2025-10-08 19:49:35,,,https://www.tiktokv.com/share/video/7558531535826078989/,Like
2025-10-04 19:25:59,,,https://www.tiktokv.com/share/video/7557216549082320136/,Like
2025-10-04 19:19:30,,,https://www.tiktokv.com/share/video/7556704569384766750/,Like
2025-10-03 20:21:38,,,https://www.tiktokv.com/share/video/7555237123746483469/,Like
2025-10-03 20:21:19,,,https://www.tiktokv.com/share/video/7557066277001448717/,Like
2025-10-02 03:01:34,,,https://www.tiktokv.com/share/video/7556011288548183327/,Like
2025-10-01 12:00:12,,,https://www.tiktokv.com/share/video/7556018495859854647/,Like
2025-09-30 21:39:07,,,https://www.tiktokv.com/share/video/7555014817094880526/,Like
2025-09-30 13:45:01,,,https://www.tiktokv.com/share/video/7542010445218024717/,Like
2025-09-29 22:30:40,,,https://www.tiktokv.com/share/video/7555636840204602654/,Like
2025-09-29 22:29:21,,,https://www.tiktokv.com/share/video/7549660786214325517/,Like
2025-09-29 14:01:19,,,https://www.tiktokv.com/share/video/7547781422585515295/,Like
2025-09-29 04:58:58,,,https://www.tiktokv.com/share/video/7555238562342440206/,Like
2025-09-29 01:20:23,,,https://www.tiktokv.com/share/video/7542741190135827743/,Like
2025-09-29 01:18:35,,,https://www.tiktokv.com/share/video/7535933198484639007/,Like
2025-09-29 01:18:02,,,https://www.tiktokv.com/share/video/7536432286800170248/,Like
2025-09-29 01:17:11,,,https://www.tiktokv.com/share/video/7550420402976165142/,Like
2025-09-29 01:16:00,,,https://www.tiktokv.com/share/video/7534475550799269142/,Like
2025-09-29 01:15:02,,,https://www.tiktokv.com/share/video/7522822447578582294/,Like
2025-09-29 01:14:40,,,https://www.tiktokv.com/share/video/7554886762489744695/,Like
2025-09-29 01:13:51,,,https://www.tiktokv.com/share/video/7525320134550883606/,Like
2025-09-28 20:46:08,,,https://www.tiktokv.com/share/video/7536487928474750263/,Like
2025-09-28 20:41:59,,,https://www.tiktokv.com/share/video/7523608267789028630/,Like
2025-09-28 14:51:05,,,https://www.tiktokv.com/share/video/7554780227239431437/,Like
2025-09-28 03:41:44,,,https://www.tiktokv.com/share/video/7534857009401843000/,Like
2025-09-28 03:37:50,,,https://www.tiktokv.com/share/video/7545819956785581334/,Like
2025-09-28 03:24:14,,,https://www.tiktokv.com/share/video/7554886325791395127/,Like
2025-09-28 00:28:21,,,https://www.tiktokv.com/share/video/7554517108604865805/,Like
2025-09-27 14:46:11,,,https://www.tiktokv.com/share/video/7553830848336792845/,Like
2025-09-27 01:49:05,,,https://www.tiktokv.com/share/video/7554151951139622157/,Like
2025-09-27 01:20:58,,,https://www.tiktokv.com/share/video/7554360003314879766/,Like
2025-09-26 20:47:00,,,https://www.tiktokv.com/share/video/7554113487669120287/,Like
2025-09-26 14:13:06,,,https://www.tiktokv.com/share/video/7535144081035513110/,Like
2025-09-24 22:14:02,,,https://www.tiktokv.com/share/video/7552944602307693846/,Like
2025-09-24 17:28:56,,,https://www.tiktokv.com/share/video/7553552557474319638/,Like
2025-09-24 02:19:03,,,https://www.tiktokv.com/share/video/7553151080729742647/,Like
2025-09-23 21:35:44,,,https://www.tiktokv.com/share/video/7540248321030573334/,Like
2025-09-23 21:30:44,,,https://www.tiktokv.com/share/video/7546727105585876280/,Like
2025-09-23 21:28:07,,,https://www.tiktokv.com/share/video/7553351678695689479/,Like
2025-09-23 18:17:40,,,https://www.tiktokv.com/share/video/7536741784047717663/,Like
2025-09-23 18:14:33,,,https://www.tiktokv.com/share/video/7552999545077075222/,Like
2025-09-23 14:40:47,,,https://www.tiktokv.com/share/video/7552313469203205407/,Like
2025-09-22 11:18:27,,,https://www.tiktokv.com/share/video/7530499328209685791/,Like
2025-09-22 04:27:57,,,https://www.tiktokv.com/share/video/7552759840276237582/,Like
2025-09-21 22:02:45,,,https://www.tiktokv.com/share/video/7552650039001222414/,Like
2025-09-21 17:36:10,,,https://www.tiktokv.com/share/video/7522509367648783671/,Like
2025-09-21 15:19:27,,,https://www.tiktokv.com/share/video/7551798508056005919/,Like
2025-09-21 02:35:52,,,https://www.tiktokv.com/share/video/7532124836026486046/,Like
2025-09-20 14:22:38,,,https://www.tiktokv.com/share/video/7551410783175888141/,Like
2025-09-20 04:58:16,,,https://www.tiktokv.com/share/video/7551795780198223118/,Like
2025-09-20 04:52:00,,,https://www.tiktokv.com/share/video/7552004325971692814/,Like
2025-09-16 19:16:17,,,https://www.tiktokv.com/share/video/7545312746401795359/,Like
2025-09-16 13:46:18,,,https://www.tiktokv.com/share/video/7549244029536439607/,Like
2025-09-14 20:52:42,,,https://www.tiktokv.com/share/video/7549287775674076446/,Like
2025-09-11 22:39:58,,,https://www.tiktokv.com/share/video/7548468458594307358/,Like
2025-09-06 10:34:36,,,https://www.tiktokv.com/share/video/7546078342043274527/,Like
2025-09-06 10:05:28,,,https://www.tiktokv.com/share/video/7546400287347494157/,Like
2025-09-06 09:34:52,,,https://www.tiktokv.com/share/video/7546797293224070413/,Like
2025-09-04 13:51:01,,,https://www.tiktokv.com/share/video/7545860709704338710/,Like
2025-09-04 00:07:46,,,https://www.tiktokv.com/share/video/7529784731009912087/,Like
2025-09-01 14:11:20,,,https://www.tiktokv.com/share/video/7544689832073694486/,Like
2025-09-01 14:10:02,,,https://www.tiktokv.com/share/video/7544693979569327382/,Like
2025-08-31 04:39:30,,,https://www.tiktokv.com/share/video/7313800958553689374/,Like
2025-08-31 04:37:27,,,https://www.tiktokv.com/share/video/7544600298438855950/,Like
2025-08-28 18:31:50,,,https://www.tiktokv.com/share/video/7543085575721602334/,Like
2025-08-28 18:30:30,,,https://www.tiktokv.com/share/video/7541427203767127327/,Like
2025-08-27 20:06:03,,,https://www.tiktokv.com/share/video/7542702415032700174/,Like
2025-08-27 05:08:46,,,https://www.tiktokv.com/share/video/7541472561821994271/,Like
2025-08-24 15:52:39,,,https://www.tiktokv.com/share/video/7536757950996679966/,Like
2025-08-21 01:01:04,,,https://www.tiktokv.com/share/video/7526016794260245790/,Like
2025-08-18 21:18:07,,,https://www.tiktokv.com/share/video/7539035587928427790/,Like
2025-08-18 21:12:09,,,https://www.tiktokv.com/share/video/7538823842811120901/,Like
2025-08-18 21:09:28,,,https://www.tiktokv.com/share/video/7533261557229292831/,Like
2025-08-18 21:05:08,,,https://www.tiktokv.com/share/video/7519127577164811551/,Like
2025-08-12 22:39:49,,,https://www.tiktokv.com/share/video/7537142462872046878/,Like
2025-08-12 22:13:52,,,https://www.tiktokv.com/share/video/7537392116796886304/,Like
2025-08-10 13:38:45,,,https://www.tiktokv.com/share/video/7532719758706216223/,Like
2025-08-09 14:40:44,,,https://www.tiktokv.com/share/video/7512090951725387031/,Like
2025-08-09 14:36:37,,,https://www.tiktokv.com/share/video/7536219608223698207/,Like
2025-08-09 03:09:48,,,https://www.tiktokv.com/share/video/7536237370870467853/,Like
2025-08-09 03:08:28,,,https://www.tiktokv.com/share/video/7520190671949466887/,Like
2025-07-31 03:09:54,,,https://www.tiktokv.com/share/video/7528856061143534878/,Like
2025-07-29 23:00:50,,,https://www.tiktokv.com/share/video/7523768803994488097/,Like
2025-07-29 22:56:45,,,https://www.tiktokv.com/share/video/7523393698730741005/,Like
2025-07-29 22:40:46,,,https://www.tiktokv.com/share/video/7532362700102372663/,Like
2025-07-26 23:47:50,,,https://www.tiktokv.com/share/video/7529573781749255479/,Like
2025-07-26 23:11:55,,,https://www.tiktokv.com/share/video/7522534600548093197/,Like
2025-07-26 23:06:21,,,https://www.tiktokv.com/share/video/7530746086927912206/,Like
2025-07-26 20:50:44,,,https://www.tiktokv.com/share/video/7521482536535592214/,Like
2025-07-25 03:51:16,,,https://www.tiktokv.com/share/video/7283235466680257834/,Like
2025-07-24 03:09:57,,,https://www.tiktokv.com/share/video/7529854111806754062/,Like
2025-07-21 20:09:10,,,https://www.tiktokv.com/share/video/7520292684536319245/,Like
2025-07-19 14:27:00,,,https://www.tiktokv.com/share/video/7528611740679032120/,Like
2025-07-18 13:04:33,,,https://www.tiktokv.com/share/video/7527350793813445943/,Like
2025-07-18 03:49:40,,,https://www.tiktokv.com/share/video/7484146820025830687/,Like
2025-07-18 03:48:52,,,https://www.tiktokv.com/share/video/7526773872608283917/,Like
2025-07-18 03:41:58,,,https://www.tiktokv.com/share/video/7519634157627133206/,Like
2025-07-18 01:31:19,,,https://www.tiktokv.com/share/video/7527447639164570911/,Like
2025-07-18 01:26:24,,,https://www.tiktokv.com/share/video/7517428373572881719/,Like
2025-07-18 01:22:18,,,https://www.tiktokv.com/share/video/7527442794533670174/,Like
2025-07-18 01:14:41,,,https://www.tiktokv.com/share/video/7527401357859392823/,Like
2025-07-17 01:36:07,,,https://www.tiktokv.com/share/video/7527039982012222733/,Like
2025-07-14 22:01:38,,,https://www.tiktokv.com/share/video/7526767572704955662/,Like
2025-07-14 22:01:03,,,https://www.tiktokv.com/share/video/7526670439746145591/,Like
2025-07-13 21:47:02,,,https://www.tiktokv.com/share/video/7511009410689273110/,Like
2025-07-13 18:05:52,,,https://www.tiktokv.com/share/video/7526322625279249695/,Like
2025-07-12 23:17:42,,,https://www.tiktokv.com/share/video/7511042901846002966/,Like
2025-07-12 04:07:24,,,https://www.tiktokv.com/share/video/7511050492693204254/,Like
2025-07-12 04:06:57,,,https://www.tiktokv.com/share/video/7510799013923409194/,Like
2025-06-27 04:34:26,,,https://www.tiktokv.com/share/video/7505667509308247327/,Like
2025-06-26 02:38:35,,,https://www.tiktokv.com/share/video/7518476449666420023/,Like
2025-06-25 21:41:10,,,https://www.tiktokv.com/share/video/7518823265507331342/,Like
2025-06-21 13:26:43,,,https://www.tiktokv.com/share/video/7515996383430642962/,Like
2025-06-19 02:45:03,,,https://www.tiktokv.com/share/video/7517097154620460318/,Like
2025-06-16 20:05:04,,,https://www.tiktokv.com/share/video/7505105028273720631/,Like
2025-06-16 01:06:36,,,https://www.tiktokv.com/share/video/7513743557937646894/,Like
2025-06-15 22:39:59,,,https://www.tiktokv.com/share/video/7485038007737945390/,Like
2025-06-15 22:34:21,,,https://www.tiktokv.com/share/video/7494801075237702943/,Like
2025-06-15 20:59:28,,,https://www.tiktokv.com/share/video/7484356540615413038/,Like
2025-06-15 20:54:37,,,https://www.tiktokv.com/share/video/7507057597527149854/,Like
2025-06-15 20:40:45,,,https://www.tiktokv.com/share/video/7511878427910229290/,Like
2025-06-15 17:32:39,,,https://www.tiktokv.com/share/video/7484761616345763118/,Like
2025-06-15 17:29:05,,,https://www.tiktokv.com/share/video/7500379469413223723/,Like
2025-06-15 03:19:27,,,https://www.tiktokv.com/share/video/7482992490476358955/,Like
2025-06-15 03:08:33,,,https://www.tiktokv.com/share/video/7485028599414656279/,Like
2025-06-14 14:31:03,,,https://www.tiktokv.com/share/video/7511816489247296798/,Like
2025-06-14 14:27:07,,,https://www.tiktokv.com/share/video/7514850375099288863/,Like
2025-06-14 14:05:04,,,https://www.tiktokv.com/share/video/7504239485622734096/,Like
2025-06-12 14:08:54,,,https://www.tiktokv.com/share/video/7501832522171436334/,Like
2025-06-12 14:04:56,,,https://www.tiktokv.com/share/video/7485879598538853674/,Like
2025-06-08 18:53:10,,,https://www.tiktokv.com/share/video/7512095808292932906/,Like
2026-01-28 17:08:38,,,https://www.tiktokv.com/share/video/7600410452643925270/,Favorite
2026-01-28 15:12:06,,,https://www.tiktokv.com/share/video/7600137563864567062/,Favorite
2026-01-28 01:47:33,,,https://www.tiktokv.com/share/video/7590505840914812215/,Favorite
2026-01-27 14:19:03,,,https://www.tiktokv.com/share/video/7586009004296408350/,Favorite
2026-01-27 14:16:43,,,https://www.tiktokv.com/share/video/7589237943731178774/,Favorite
2026-01-27 04:52:13,,,https://www.tiktokv.com/share/video/7595101023702682910/,Favorite
2026-01-25 23:13:54,,,https://www.tiktokv.com/share/video/7598593935564442911/,Favorite
2026-01-25 02:32:39,,,https://www.tiktokv.com/share/video/7599000553066155295/,Favorite
2026-01-24 16:32:11,,,https://www.tiktokv.com/share/video/7578379288135830786/,Favorite
2026-01-24 16:11:18,,,https://www.tiktokv.com/share/video/7582628956671675670/,Favorite
2026-01-24 15:08:05,,,https://www.tiktokv.com/share/video/7593199435945970965/,Favorite
2026-01-24 04:42:02,,,https://www.tiktokv.com/share/video/7597965604363980046/,Favorite
2026-01-24 04:35:39,,,https://www.tiktokv.com/share/video/7598649034953280799/,Favorite
2026-01-24 04:33:25,,,https://www.tiktokv.com/share/video/7597761058325024008/,Favorite
2026-01-23 17:45:57,,,https://www.tiktokv.com/share/video/7591472195931540768/,Favorite
2026-01-23 07:26:46,,,https://www.tiktokv.com/share/video/7578456420513828118/,Favorite
2026-01-22 19:03:19,,,https://www.tiktokv.com/share/video/7590520123220413727/,Favorite
2026-01-22 18:50:18,,,https://www.tiktokv.com/share/video/7598009694682205471/,Favorite
2026-01-22 18:45:21,,,https://www.tiktokv.com/share/video/7594989560321428767/,Favorite
2026-01-21 03:11:36,,,https://www.tiktokv.com/share/video/7595633890077789454/,Favorite
2026-01-18 15:16:56,,,https://www.tiktokv.com/share/video/7593269597801925902/,Favorite
2026-01-17 23:53:50,,,https://www.tiktokv.com/share/video/7595993280442158366/,Favorite
2026-01-17 22:00:32,,,https://www.tiktokv.com/share/video/7595787864579820813/,Favorite
2026-01-16 16:07:19,,,https://www.tiktokv.com/share/video/7592555975798738190/,Favorite
2026-01-16 15:02:50,,,https://www.tiktokv.com/share/video/7575188380351335711/,Favorite
2026-01-16 14:13:49,,,https://www.tiktokv.com/share/video/7584066564559834390/,Favorite
2026-01-16 02:16:06,,,https://www.tiktokv.com/share/video/7573958937742019860/,Favorite
2026-01-16 02:15:45,,,https://www.tiktokv.com/share/video/7595477001985641748/,Favorite
2026-01-15 19:59:48,,,https://www.tiktokv.com/share/video/7566303973800463624/,Favorite
2026-01-15 19:59:24,,,https://www.tiktokv.com/share/video/7569343841422314754/,Favorite
2026-01-15 16:45:38,,,https://www.tiktokv.com/share/video/7576408519591611662/,Favorite
2026-01-15 16:42:21,,,https://www.tiktokv.com/share/video/7587092434903928086/,Favorite
2026-01-14 15:53:44,,,https://www.tiktokv.com/share/video/7591650269780331797/,Favorite
2026-01-14 14:18:02,,,https://www.tiktokv.com/share/video/7591926204014300446/,Favorite
2026-01-14 14:05:48,,,https://www.tiktokv.com/share/video/7592656563211406622/,Favorite
2026-01-14 05:27:36,,,https://www.tiktokv.com/share/video/7594474173456567574/,Favorite
2026-01-14 05:21:11,,,https://www.tiktokv.com/share/video/7593459306071199007/,Favorite
2026-01-14 05:19:12,,,https://www.tiktokv.com/share/video/7584536369188375830/,Favorite
2026-01-14 05:16:16,,,https://www.tiktokv.com/share/video/7592445259536157966/,Favorite
2026-01-14 05:15:25,,,https://www.tiktokv.com/share/video/7592578546032233758/,Favorite
2026-01-14 05:08:28,,,https://www.tiktokv.com/share/video/7593728169455193367/,Favorite
2026-01-14 05:07:38,,,https://www.tiktokv.com/share/video/7577086203107806486/,Favorite
2026-01-14 05:06:26,,,https://www.tiktokv.com/share/video/7591611406844202242/,Favorite
2026-01-01 14:21:37,,,https://www.tiktokv.com/share/video/7587203438065274143/,Favorite
2025-12-31 22:27:12,,,https://www.tiktokv.com/share/video/7589836280314301710/,Favorite
2025-12-30 07:17:31,,,https://www.tiktokv.com/share/video/7584239565729303821/,Favorite
2025-12-30 06:06:08,,,https://www.tiktokv.com/share/video/7588706861231148309/,Favorite
2025-12-30 05:58:54,,,https://www.tiktokv.com/share/video/7589039536815066398/,Favorite
2025-12-28 04:40:10,,,https://www.tiktokv.com/share/video/7588243648442322197/,Favorite
2025-12-27 01:10:02,,,https://www.tiktokv.com/share/video/7586793977433672991/,Favorite
2025-12-24 02:04:37,,,https://www.tiktokv.com/share/video/7579462693866851597/,Favorite
2025-12-21 16:55:48,,,https://www.tiktokv.com/share/video/7581620155814366495/,Favorite
2025-12-21 05:27:55,,,https://www.tiktokv.com/share/video/7586097379829452055/,Favorite
2025-12-20 23:00:15,,,https://www.tiktokv.com/share/video/7561029515141565708/,Favorite
2025-12-20 22:40:37,,,https://www.tiktokv.com/share/video/7582923415678422280/,Favorite
2025-12-19 06:21:27,,,https://www.tiktokv.com/share/video/7579764494197394701/,Favorite
2025-12-18 01:47:08,,,https://www.tiktokv.com/share/video/7583160261746511134/,Favorite
2025-12-12 05:44:14,,,https://www.tiktokv.com/share/video/7581646929415736578/,Favorite
2025-12-12 05:36:53,,,https://www.tiktokv.com/share/video/7578983804656766230/,Favorite
2025-12-12 05:22:30,,,https://www.tiktokv.com/share/video/7582307239986236727/,Favorite
2025-12-12 05:18:38,,,https://www.tiktokv.com/share/video/7581854680674864414/,Favorite
2025-12-10 18:05:12,,,https://www.tiktokv.com/share/video/7581959457123355917/,Favorite
2025-12-10 17:58:49,,,https://www.tiktokv.com/share/video/7560880682537454859/,Favorite
2025-12-10 00:11:38,,,https://www.tiktokv.com/share/video/7581834278384831757/,Favorite
2025-12-07 23:45:27,,,https://www.tiktokv.com/share/video/7580781736662011166/,Favorite
2025-12-07 02:36:16,,,https://www.tiktokv.com/share/video/7563923109665901879/,Favorite
2025-12-05 08:04:33,,,https://www.tiktokv.com/share/video/7577708404811042062/,Favorite
2025-12-04 02:54:30,,,https://www.tiktokv.com/share/video/7577869105026321678/,Favorite
2025-12-03 20:46:05,,,https://www.tiktokv.com/share/video/7579429318904827167/,Favorite
2025-12-01 20:52:00,,,https://www.tiktokv.com/share/video/7573387888814017814/,Favorite
2025-12-01 20:35:57,,,https://www.tiktokv.com/share/video/7578763752980368671/,Favorite
2025-12-01 01:36:52,,,https://www.tiktokv.com/share/video/7578580485270490399/,Favorite
2025-11-28 04:53:49,,,https://www.tiktokv.com/share/video/7573834272772082999/,Favorite
2025-11-25 18:42:43,,,https://www.tiktokv.com/share/video/7571844579276688670/,Favorite
2025-11-25 18:41:13,,,https://www.tiktokv.com/share/video/7560057720749952278/,Favorite
2025-11-25 15:20:29,,,https://www.tiktokv.com/share/video/7566335024446885123/,Favorite
2025-11-25 14:40:55,,,https://www.tiktokv.com/share/video/7432820403464146219/,Favorite
2025-11-24 23:41:55,,,https://www.tiktokv.com/share/video/7556372165306731806/,Favorite
2025-11-24 23:39:02,,,https://www.tiktokv.com/share/video/7557448849225272606/,Favorite
2025-11-24 23:26:39,,,https://www.tiktokv.com/share/video/7554046702458637590/,Favorite
2025-11-24 21:03:27,,,https://www.tiktokv.com/share/video/7569357260032445710/,Favorite
2025-11-24 17:17:01,,,https://www.tiktokv.com/share/video/7571074429535489301/,Favorite
2025-11-24 17:02:45,,,https://www.tiktokv.com/share/video/7575356521748368654/,Favorite
2025-11-24 04:52:34,,,https://www.tiktokv.com/share/video/7575347617937329439/,Favorite
2025-11-24 04:51:03,,,https://www.tiktokv.com/share/video/7575720790566391070/,Favorite
2025-11-23 17:49:09,,,https://www.tiktokv.com/share/video/7558204133778410783/,Favorite
2025-11-23 07:45:07,,,https://www.tiktokv.com/share/video/7558876402725014815/,Favorite
2025-11-23 07:44:12,,,https://www.tiktokv.com/share/video/7567081080499506454/,Favorite
2025-11-23 07:38:55,,,https://www.tiktokv.com/share/video/7554199911676284173/,Favorite
2025-11-23 07:36:22,,,https://www.tiktokv.com/share/video/7572381485928385822/,Favorite
2025-11-22 23:50:26,,,https://www.tiktokv.com/share/video/7564313219989392695/,Favorite
2025-11-22 21:33:40,,,https://www.tiktokv.com/share/video/7553348136408747319/,Favorite
2025-11-22 21:32:40,,,https://www.tiktokv.com/share/video/7574552988170128662/,Favorite
2025-11-22 19:25:11,,,https://www.tiktokv.com/share/video/7566853515700751630/,Favorite
2025-11-22 14:47:21,,,https://www.tiktokv.com/share/video/7558866342582127894/,Favorite
2025-11-22 04:29:49,,,https://www.tiktokv.com/share/video/7568417797915577630/,Favorite
2025-11-22 04:23:26,,,https://www.tiktokv.com/share/video/7565561891360230686/,Favorite
2025-11-21 14:59:28,,,https://www.tiktokv.com/share/video/7572262174136093982/,Favorite
2025-11-19 22:36:01,,,https://www.tiktokv.com/share/video/7574227937843612983/,Favorite
2025-11-19 16:13:43,,,https://www.tiktokv.com/share/video/7573435259539311902/,Favorite
2025-11-19 05:02:12,,,https://www.tiktokv.com/share/video/7569278127810252034/,Favorite
2025-11-17 15:49:07,,,https://www.tiktokv.com/share/video/7573029389303123222/,Favorite
2025-11-14 04:02:52,,,https://www.tiktokv.com/share/video/7572002193826417950/,Favorite
2025-11-13 03:50:29,,,https://www.tiktokv.com/share/video/7571208909738872095/,Favorite
2025-11-13 03:16:58,,,https://www.tiktokv.com/share/video/7570916837437836557/,Favorite
2025-11-12 23:03:23,,,https://www.tiktokv.com/share/video/7571959818827697439/,Favorite
2025-11-12 22:56:47,,,https://www.tiktokv.com/share/video/7563787368839400759/,Favorite
2025-11-12 21:23:59,,,https://www.tiktokv.com/share/video/7571524580452404510/,Favorite
2025-11-12 05:13:39,,,https://www.tiktokv.com/share/video/7570856764292304142/,Favorite
2025-11-12 05:13:02,,,https://www.tiktokv.com/share/video/7565130380152425750/,Favorite
2025-11-12 04:29:26,,,https://www.tiktokv.com/share/video/7569679605896989982/,Favorite
2025-11-07 04:51:44,,,https://www.tiktokv.com/share/video/7569456507415203086/,Favorite
2025-11-06 04:38:36,,,https://www.tiktokv.com/share/video/7567370489287478558/,Favorite
2025-11-05 04:55:16,,,https://www.tiktokv.com/share/video/7557522322979130638/,Favorite
2025-11-04 15:28:06,,,https://www.tiktokv.com/share/video/7566844422562843925/,Favorite
2025-11-03 13:18:20,,,https://www.tiktokv.com/share/video/7565682080475057438/,Favorite
2025-11-03 05:08:43,,,https://www.tiktokv.com/share/video/7551141922614578445/,Favorite
2025-11-02 16:55:05,,,https://www.tiktokv.com/share/video/7550417599717281055/,Favorite
2025-11-02 00:07:55,,,https://www.tiktokv.com/share/video/7567427062135377165/,Favorite
2025-10-30 13:08:55,,,https://www.tiktokv.com/share/video/7566733823421992223/,Favorite
2025-10-30 01:35:58,,,https://www.tiktokv.com/share/video/7559160814188383510/,Favorite
2025-10-30 01:16:19,,,https://www.tiktokv.com/share/video/7566717615490616631/,Favorite
2025-10-28 02:03:42,,,https://www.tiktokv.com/share/video/7565522212124364045/,Favorite
2025-10-28 01:57:17,,,https://www.tiktokv.com/share/video/7562983228684913942/,Favorite
2025-10-27 04:17:59,,,https://www.tiktokv.com/share/video/7555534493801614614/,Favorite
2025-10-27 04:17:01,,,https://www.tiktokv.com/share/video/7565684433160850701/,Favorite
2025-10-27 03:26:48,,,https://www.tiktokv.com/share/video/7551450816385781006/,Favorite
2025-10-26 05:03:16,,,https://www.tiktokv.com/share/video/7548984200876051742/,Favorite
2025-10-26 00:38:38,,,https://www.tiktokv.com/share/video/7547192213244022023/,Favorite
2025-10-24 04:28:21,,,https://www.tiktokv.com/share/video/7543269978611420423/,Favorite
2025-10-21 23:39:12,,,https://www.tiktokv.com/share/video/7562911921645669654/,Favorite
2025-10-21 18:21:02,,,https://www.tiktokv.com/share/video/7563679495169772822/,Favorite
2025-10-21 03:27:35,,,https://www.tiktokv.com/share/video/7561697429960052024/,Favorite
2025-10-20 14:59:11,,,https://www.tiktokv.com/share/video/7280575339795926314/,Favorite
2025-10-15 03:57:06,,,https://www.tiktokv.com/share/video/7560595457185959186/,Favorite
2025-10-10 20:30:50,,,https://www.tiktokv.com/share/video/7559612273476816150/,Favorite
2025-10-09 04:17:36,,,https://www.tiktokv.com/share/video/7558275694602521870/,Favorite
2025-10-09 04:12:00,,,https://www.tiktokv.com/share/video/7558334679707929887/,Favorite
2025-10-09 04:10:06,,,https://www.tiktokv.com/share/video/7548985926190419255/,Favorite
2025-10-08 20:21:08,,,https://www.tiktokv.com/share/video/7552197221681237279/,Favorite
2025-10-04 19:26:07,,,https://www.tiktokv.com/share/video/7557216549082320136/,Favorite
2025-09-30 04:02:32,,,https://www.tiktokv.com/share/video/7532482237179186454/,Favorite
2025-09-29 04:58:24,,,https://www.tiktokv.com/share/video/7555020753859661069/,Favorite
2025-09-29 01:18:40,,,https://www.tiktokv.com/share/video/7535933198484639007/,Favorite
2025-09-29 01:18:05,,,https://www.tiktokv.com/share/video/7536432286800170248/,Favorite
2025-09-29 01:17:13,,,https://www.tiktokv.com/share/video/7550420402976165142/,Favorite
2025-09-28 15:29:41,,,https://www.tiktokv.com/share/video/7537845009974922526/,Favorite
2025-09-28 14:15:42,,,https://www.tiktokv.com/share/video/7544715805267594502/,Favorite
2025-09-28 03:37:58,,,https://www.tiktokv.com/share/video/7545819956785581334/,Favorite
2025-09-28 03:27:19,,,https://www.tiktokv.com/share/video/7527663643509443872/,Favorite
2025-09-28 00:28:22,,,https://www.tiktokv.com/share/video/7554517108604865805/,Favorite
2025-09-27 05:18:13,,,https://www.tiktokv.com/share/video/7532885335848619319/,Favorite
2025-09-27 01:20:58,,,https://www.tiktokv.com/share/video/7554360003314879766/,Favorite
2025-09-26 23:10:43,,,https://www.tiktokv.com/share/video/7553611647592582422/,Favorite
2025-09-26 23:09:56,,,https://www.tiktokv.com/share/video/7548929175013444894/,Favorite
2025-09-26 20:47:07,,,https://www.tiktokv.com/share/video/7554113487669120287/,Favorite
2025-09-25 14:04:04,,,https://www.tiktokv.com/share/video/7547109005236178189/,Favorite
2025-09-23 05:40:42,,,https://www.tiktokv.com/share/video/7548654140272971039/,Favorite
2025-09-22 12:22:46,,,https://www.tiktokv.com/share/video/7543830345234287927/,Favorite
2025-09-22 11:21:43,,,https://www.tiktokv.com/share/video/7547188426148154655/,Favorite
2025-09-21 03:40:45,,,https://www.tiktokv.com/share/video/7537316097951927574/,Favorite
2025-09-21 02:20:42,,,https://www.tiktokv.com/share/video/7548628104755957023/,Favorite
2025-09-20 04:55:47,,,https://www.tiktokv.com/share/video/7551519658977922335/,Favorite
2025-09-16 13:42:23,,,https://www.tiktokv.com/share/video/7546409386130836749/,Favorite
2025-09-16 01:16:15,,,https://www.tiktokv.com/share/video/7550081504500550967/,Favorite
2025-09-16 01:14:41,,,https://www.tiktokv.com/share/video/7550411763607424278/,Favorite
2025-09-09 23:08:26,,,https://www.tiktokv.com/share/video/7546138668285578518/,Favorite
2025-09-07 23:35:13,,,https://www.tiktokv.com/share/video/7529034325480836359/,Favorite
2025-09-06 14:14:31,,,https://www.tiktokv.com/share/video/7545423496638221576/,Favorite
2025-09-06 14:13:06,,,https://www.tiktokv.com/share/video/7542254229797227790/,Favorite
2025-09-06 10:33:01,,,https://www.tiktokv.com/share/video/7541407297558351112/,Favorite
2025-09-06 10:27:28,,,https://www.tiktokv.com/share/video/7536298112269192470/,Favorite
2025-09-06 10:11:11,,,https://www.tiktokv.com/share/video/7544014083117436173/,Favorite
2025-09-04 00:12:39,,,https://www.tiktokv.com/share/video/7542182903774563615/,Favorite
2025-09-04 00:06:48,,,https://www.tiktokv.com/share/video/7536466837177928982/,Favorite
2025-09-03 23:58:26,,,https://www.tiktokv.com/share/video/7530193688044064056/,Favorite
2025-09-02 04:43:04,,,https://www.tiktokv.com/share/video/7532949397991099678/,Favorite
2025-09-02 04:41:52,,,https://www.tiktokv.com/share/video/7534699963901660447/,Favorite
2025-09-01 13:02:53,,,https://www.tiktokv.com/share/video/7538105556570000662/,Favorite
2025-09-01 01:11:03,,,https://www.tiktokv.com/share/video/7534508631190965559/,Favorite
2025-08-31 21:04:14,,,https://www.tiktokv.com/share/video/7520271489820527880/,Favorite
2025-08-31 00:18:05,,,https://www.tiktokv.com/share/video/7543336576982584598/,Favorite
2025-08-28 18:51:36,,,https://www.tiktokv.com/share/video/7542512078582549782/,Favorite
2025-08-22 17:14:52,,,https://www.tiktokv.com/share/video/7537521309408906510/,Favorite
2025-08-18 21:24:13,,,https://www.tiktokv.com/share/video/7539195070268968214/,Favorite
2025-08-18 12:40:02,,,https://www.tiktokv.com/share/video/7538771982557531400/,Favorite
2025-08-12 22:46:26,,,https://www.tiktokv.com/share/video/7533700556255268118/,Favorite
2025-08-12 04:24:49,,,https://www.tiktokv.com/share/video/7531091174434622733/,Favorite
2025-08-09 14:41:48,,,https://www.tiktokv.com/share/video/7534777336378428702/,Favorite
2025-08-09 04:11:57,,,https://www.tiktokv.com/share/video/7534526446782385438/,Favorite
2025-08-09 03:08:29,,,https://www.tiktokv.com/share/video/7520190671949466887/,Favorite
2025-08-08 23:02:52,,,https://www.tiktokv.com/share/video/7536216792369351966/,Favorite
2025-08-08 13:36:23,,,https://www.tiktokv.com/share/video/7533738529919208718/,Favorite
2025-08-04 17:55:19,,,https://www.tiktokv.com/share/video/7528812801582796054/,Favorite
2025-07-31 03:09:47,,,https://www.tiktokv.com/share/video/7528856061143534878/,Favorite
2025-07-31 03:08:53,,,https://www.tiktokv.com/share/video/7532455661473484054/,Favorite
2025-07-31 03:07:38,,,https://www.tiktokv.com/share/video/7532146500403563789/,Favorite
2025-07-30 23:27:56,,,https://www.tiktokv.com/share/video/7526691612827618590/,Favorite
2025-07-29 22:59:23,,,https://www.tiktokv.com/share/video/7517755936388271382/,Favorite
2025-07-29 22:55:40,,,https://www.tiktokv.com/share/video/7521395546729221384/,Favorite
2025-07-29 22:53:02,,,https://www.tiktokv.com/share/video/7518159421109832990/,Favorite
2025-07-29 22:44:02,,,https://www.tiktokv.com/share/video/7523941246423944461/,Favorite
2025-07-29 22:43:09,,,https://www.tiktokv.com/share/video/7503919511075081478/,Favorite
2025-07-27 03:49:39,,,https://www.tiktokv.com/share/video/7529309744922627358/,Favorite
2025-07-25 03:51:17,,,https://www.tiktokv.com/share/video/7283235466680257834/,Favorite
2025-07-24 03:09:59,,,https://www.tiktokv.com/share/video/7529854111806754062/,Favorite
2025-07-22 03:22:19,,,https://www.tiktokv.com/share/video/7523158111171923222/,Favorite
2025-07-22 03:20:10,,,https://www.tiktokv.com/share/video/7526524003465334038/,Favorite
2025-07-21 04:45:41,,,https://www.tiktokv.com/share/video/7418686173356313898/,Favorite
2025-07-20 04:11:14,,,https://www.tiktokv.com/share/video/7407256456560430341/,Favorite
2025-07-19 15:49:35,,,https://www.tiktokv.com/share/video/7520827028220677406/,Favorite
2025-07-19 14:35:15,,,https://www.tiktokv.com/share/video/7527137084625276173/,Favorite
2025-07-19 14:27:02,,,https://www.tiktokv.com/share/video/7528611740679032120/,Favorite
2025-07-18 03:41:55,,,https://www.tiktokv.com/share/video/7519634157627133206/,Favorite
2025-07-18 03:31:06,,,https://www.tiktokv.com/share/video/7528184422244306206/,Favorite
2025-07-18 01:14:54,,,https://www.tiktokv.com/share/video/7527401357859392823/,Favorite
2025-07-18 01:14:24,,,https://www.tiktokv.com/share/video/7522897147671399711/,Favorite
2025-07-17 01:29:05,,,https://www.tiktokv.com/share/video/7518447588866051350/,Favorite
2025-07-17 01:24:25,,,https://www.tiktokv.com/share/video/7514782723261648174/,Favorite
2025-07-14 22:02:44,,,https://www.tiktokv.com/share/video/7524480548245409038/,Favorite
2025-07-14 21:56:42,,,https://www.tiktokv.com/share/video/7508501060063956270/,Favorite
2025-07-13 21:47:03,,,https://www.tiktokv.com/share/video/7511009410689273110/,Favorite
2025-07-13 18:42:45,,,https://www.tiktokv.com/share/video/7508451475752832287/,Favorite
2025-07-13 18:21:39,,,https://www.tiktokv.com/share/video/7496172854883486994/,Favorite
2025-07-03 03:20:40,,,https://www.tiktokv.com/share/video/7516678740617858360/,Favorite
2025-06-27 04:34:26,,,https://www.tiktokv.com/share/video/7505667509308247327/,Favorite
2025-06-25 02:33:09,,,https://www.tiktokv.com/share/video/7484471735946087726/,Favorite
2025-06-21 13:26:43,,,https://www.tiktokv.com/share/video/7515996383430642962/,Favorite
2025-06-16 20:05:20,,,https://www.tiktokv.com/share/video/7505105028273720631/,Favorite
2025-06-15 22:37:32,,,https://www.tiktokv.com/share/video/7512145952061279519/,Favorite
2025-06-15 22:37:24,,,https://www.tiktokv.com/share/video/7500586061765086495/,Favorite
2025-06-15 18:01:57,,,https://www.tiktokv.com/share/video/7478915086376062251/,Favorite
2025-06-14 14:28:05,,,https://www.tiktokv.com/share/video/7515282709095124267/,Favorite
